--
-- PostgreSQL database dump
--

-- Dumped from database version 15.4 (Debian 15.4-2.pgdg110+1)
-- Dumped by pg_dump version 15.4 (Debian 15.4-2.pgdg110+1)

SET statement_timeout = 0;
SET lock_timeout = 0;
SET idle_in_transaction_session_timeout = 0;
SET client_encoding = 'UTF8';
SET standard_conforming_strings = on;
SELECT pg_catalog.set_config('search_path', '', false);
SET check_function_bodies = false;
SET xmloption = content;
SET client_min_messages = warning;
SET row_security = off;

--
-- Data for Name: managers; Type: TABLE DATA; Schema: im_msg; Owner: im_msg_usr
--

INSERT INTO im_msg.managers VALUES ('018ab625-de1c-77eb-8718-187122146d6c', 'INTERNAL', 'manager-018ab625-ddcc-7167-9ccd-8879ee0ebba7', '2023-09-21 05:10:49.78933+00', NULL);
INSERT INTO im_msg.managers VALUES ('018ab7b5-5a75-7be1-ae14-7cf2df8dc2df', 'INTERNAL', 'manager-018ab7b5-5a1f-7b2a-9b16-2a9890cdc1ce', '2023-09-21 12:27:10.482141+00', NULL);
INSERT INTO im_msg.managers VALUES ('018acc4a-4d1d-7db1-981e-7d01fa2f4c6e', 'INTERNAL', 'manager-018acc4a-4cc4-7a1d-bdc0-67f044fb126e', '2023-09-25 12:22:16.242516+00', NULL);
INSERT INTO im_msg.managers VALUES ('018acc8d-029c-713b-940d-5eb471cea04b', 'INTERNAL', 'manager-018acc8d-0248-7dac-a65f-929b5abc9564', '2023-09-25 13:35:08.089728+00', NULL);
INSERT INTO im_msg.managers VALUES ('018acc8d-39d6-7009-88d6-bc5891f77711', 'INTERNAL', 'manager-018acc8d-397c-749f-83a0-a4da4ce171ea', '2023-09-25 13:35:22.220671+00', NULL);
INSERT INTO im_msg.managers VALUES ('018acc8d-795f-7de8-9210-79db9fe647cd', 'INTERNAL', 'manager-018acc8d-78ff-7abd-893e-7ebb1b1c68fb', '2023-09-25 13:35:38.511933+00', NULL);


--
-- Data for Name: rooms; Type: TABLE DATA; Schema: im_msg; Owner: im_msg_usr
--

INSERT INTO im_msg.rooms VALUES ('018ab625-dec3-7c65-8ded-980e7c098fea', '018ab625-de1c-77eb-8718-187122146d6c', 'room-018ab625-ddcc-7167-9ccd-8879ee0ebba7', '{"deliveryDelay": 10, "deliveryAttempts": 3, "messageExpiration": null, "deliveryDelayMultiplier": 1.01}', '[{"at": "2023-09-21T05:10:49.796818Z", "by": "TESTS", "action": "CREATED"}]', NULL);
INSERT INTO im_msg.rooms VALUES ('018ab7b5-5b22-7d74-b42a-3fd93df988a3', '018ab7b5-5a75-7be1-ae14-7cf2df8dc2df', 'room-018ab7b5-5a1f-7b2a-9b16-2a9890cdc1ce', '{"deliveryDelay": 10, "deliveryAttempts": 3, "messageExpiration": null, "deliveryDelayMultiplier": 1.01}', '[{"at": "2023-09-21T12:27:10.499575Z", "by": "TESTS", "action": "CREATED"}]', NULL);
INSERT INTO im_msg.rooms VALUES ('018acc4a-4dbd-7d52-a791-6ba9ed40a3a7', '018acc4a-4d1d-7db1-981e-7d01fa2f4c6e', 'room-018acc4a-4cc4-7a1d-bdc0-67f044fb126e', '{"deliveryDelay": 10, "deliveryAttempts": 3, "messageExpiration": null, "deliveryDelayMultiplier": 1.01}', '[{"at": "2023-09-25T12:22:16.254474Z", "by": "TESTS", "action": "CREATED"}]', NULL);
INSERT INTO im_msg.rooms VALUES ('018acc8d-0343-789e-88e9-1658b95d0705', '018acc8d-029c-713b-940d-5eb471cea04b', 'room-018acc8d-0248-7dac-a65f-929b5abc9564', '{"deliveryDelay": 10, "deliveryAttempts": 3, "messageExpiration": null, "deliveryDelayMultiplier": 1.01}', '[{"at": "2023-09-25T13:35:08.101302Z", "by": "TESTS", "action": "CREATED"}]', NULL);
INSERT INTO im_msg.rooms VALUES ('018acc8d-3a75-77f5-af87-cfaac0815079', '018acc8d-39d6-7009-88d6-bc5891f77711', 'room-018acc8d-397c-749f-83a0-a4da4ce171ea', '{"deliveryDelay": 10, "deliveryAttempts": 3, "messageExpiration": null, "deliveryDelayMultiplier": 1.01}', '[{"at": "2023-09-25T13:35:22.231036Z", "by": "TESTS", "action": "CREATED"}]', NULL);
INSERT INTO im_msg.rooms VALUES ('018acc8d-7a1b-7eb5-90cd-cf72ac3bdce5', '018acc8d-795f-7de8-9210-79db9fe647cd', 'room-018acc8d-78ff-7abd-893e-7ebb1b1c68fb', '{"deliveryDelay": 10, "deliveryAttempts": 3, "messageExpiration": null, "deliveryDelayMultiplier": 1.01}', '[{"at": "2023-09-25T13:35:38.525430Z", "by": "TESTS", "action": "CREATED"}]', NULL);
INSERT INTO im_msg.rooms VALUES ('018ae01c-5d69-7764-98bd-060e5df2e5ca', '018ab625-de1c-77eb-8718-187122146d6c', 'room-018ae01c-5d69-7764-98bd-060e5df2e5ca', '{"deliveryDelay": 10, "deliveryAttempts": 5, "messageExpiration": null, "deliveryDelayMultiplier": 1.01}', '[{"at": "2023-09-25T13:35:38.525430Z", "by": "TESTS", "action": "CREATED"}]', NULL);


--
-- Data for Name: event_types; Type: TABLE DATA; Schema: im_msg; Owner: im_msg_usr
--

INSERT INTO im_msg.event_types VALUES ('018ab625-ded0-766c-a2f9-a55941df2fd0', '018ab625-dec3-7c65-8ded-980e7c098fea', 'EVENT-018ab625-ddcc-7167-9ccd-8879ee0ebba7', '[{"at": "2023-09-21T05:10:49.808289Z", "by": "TESTS", "action": "CREATED"}]', NULL);
INSERT INTO im_msg.event_types VALUES ('018ab7b5-5b2e-72a7-8a33-9fe3f33cf1e7', '018ab7b5-5b22-7d74-b42a-3fd93df988a3', 'EVENT-018ab7b5-5a1f-7b2a-9b16-2a9890cdc1ce', '[{"at": "2023-09-21T12:27:10.510669Z", "by": "TESTS", "action": "CREATED"}]', NULL);
INSERT INTO im_msg.event_types VALUES ('018acc4a-4dc4-7f9e-9730-e6d8d1a9d374', '018acc4a-4dbd-7d52-a791-6ba9ed40a3a7', 'EVENT-018acc4a-4cc4-7a1d-bdc0-67f044fb126e', '[{"at": "2023-09-25T12:22:16.261134Z", "by": "TESTS", "action": "CREATED"}]', NULL);
INSERT INTO im_msg.event_types VALUES ('018acc8d-034c-7f3d-94ee-0e2eaf1ea7c1', '018acc8d-0343-789e-88e9-1658b95d0705', 'EVENT-018acc8d-0248-7dac-a65f-929b5abc9564', '[{"at": "2023-09-25T13:35:08.108789Z", "by": "TESTS", "action": "CREATED"}]', NULL);
INSERT INTO im_msg.event_types VALUES ('018acc8d-3a7c-718a-88d4-52dc41507848', '018acc8d-3a75-77f5-af87-cfaac0815079', 'EVENT-018acc8d-397c-749f-83a0-a4da4ce171ea', '[{"at": "2023-09-25T13:35:22.236868Z", "by": "TESTS", "action": "CREATED"}]', NULL);
INSERT INTO im_msg.event_types VALUES ('018acc8d-7a24-7b53-969e-d164d2d76c02', '018acc8d-7a1b-7eb5-90cd-cf72ac3bdce5', 'EVENT-018acc8d-78ff-7abd-893e-7ebb1b1c68fb', '[{"at": "2023-09-25T13:35:38.532707Z", "by": "TESTS", "action": "CREATED"}]', NULL);
INSERT INTO im_msg.event_types VALUES ('018acc8d-7a24-7b53-969e-d164d2d76c03', '018ae01c-5d69-7764-98bd-060e5df2e5ca', 'EVENT-018acc8d-7a24-7b53-969e-d164d2d76c03', '[{"at": "2023-09-25T13:35:38.532707Z", "by": "TESTS", "action": "CREATED"}]', NULL);



--
-- Data for Name: event_type_versions; Type: TABLE DATA; Schema: im_msg; Owner: im_msg_usr
--

INSERT INTO im_msg.event_type_versions VALUES ('018ab625-ded3-7b02-82eb-fc731e629b2e', '018ab625-ded0-766c-a2f9-a55941df2fd0', 1, '{"$id": "https://example.com/event-type.schema.json", "type": "object", "title": "EVENT-001 Schema", "$schema": "https://json-schema.org/draft/2020-12/schema", "required": ["payload"], "properties": {"payload": {"type": "string", "description": "The content of the payload"}}, "description": "Any content"}', '[{"at": "2023-09-21T05:10:49.811800Z", "by": "TESTS", "action": "CREATED"}]', NULL);
INSERT INTO im_msg.event_type_versions VALUES ('018ab7b5-5b33-79b7-b6d7-f11ab488229e', '018ab7b5-5b2e-72a7-8a33-9fe3f33cf1e7', 1, '{"$id": "https://example.com/event-type.schema.json", "type": "object", "title": "EVENT-001 Schema", "$schema": "https://json-schema.org/draft/2020-12/schema", "required": ["payload"], "properties": {"payload": {"type": "string", "description": "The content of the payload"}}, "description": "Any content"}', '[{"at": "2023-09-21T12:27:10.515335Z", "by": "TESTS", "action": "CREATED"}]', NULL);
INSERT INTO im_msg.event_type_versions VALUES ('018acc4a-4dc8-704e-97df-79b0f4aecc77', '018acc4a-4dc4-7f9e-9730-e6d8d1a9d374', 1, '{"$id": "https://example.com/event-type.schema.json", "type": "object", "title": "EVENT-001 Schema", "$schema": "https://json-schema.org/draft/2020-12/schema", "required": ["payload"], "properties": {"payload": {"type": "string", "description": "The content of the payload"}}, "description": "Any content"}', '[{"at": "2023-09-25T12:22:16.264558Z", "by": "TESTS", "action": "CREATED"}]', NULL);
INSERT INTO im_msg.event_type_versions VALUES ('018acc8d-0351-7a92-8816-e6e525e04e07', '018acc8d-034c-7f3d-94ee-0e2eaf1ea7c1', 1, '{"$id": "https://example.com/event-type.schema.json", "type": "object", "title": "EVENT-001 Schema", "$schema": "https://json-schema.org/draft/2020-12/schema", "required": ["payload"], "properties": {"payload": {"type": "string", "description": "The content of the payload"}}, "description": "Any content"}', '[{"at": "2023-09-25T13:35:08.113423Z", "by": "TESTS", "action": "CREATED"}]', NULL);
INSERT INTO im_msg.event_type_versions VALUES ('018acc8d-3a7f-7bbc-94f6-f632a126168e', '018acc8d-3a7c-718a-88d4-52dc41507848', 1, '{"$id": "https://example.com/event-type.schema.json", "type": "object", "title": "EVENT-001 Schema", "$schema": "https://json-schema.org/draft/2020-12/schema", "required": ["payload"], "properties": {"payload": {"type": "string", "description": "The content of the payload"}}, "description": "Any content"}', '[{"at": "2023-09-25T13:35:22.239712Z", "by": "TESTS", "action": "CREATED"}]', NULL);
INSERT INTO im_msg.event_type_versions VALUES ('018acc8d-7a28-7fb5-ad72-0d76e374639b', '018acc8d-7a24-7b53-969e-d164d2d76c02', 1, '{"$id": "https://example.com/event-type.schema.json", "type": "object", "title": "EVENT-001 Schema", "$schema": "https://json-schema.org/draft/2020-12/schema", "required": ["payload"], "properties": {"payload": {"type": "string", "description": "The content of the payload"}}, "description": "Any content"}', '[{"at": "2023-09-25T13:35:38.537286Z", "by": "TESTS", "action": "CREATED"}]', NULL);
INSERT INTO im_msg.event_type_versions VALUES ('018ab625-ded3-7b02-82eb-fc731e629b2f', '018acc8d-7a24-7b53-969e-d164d2d76c03', 1, '{"$id": "https://example.com/event-type.schema.json", "type": "object", "title": "EVENT-001 Schema", "$schema": "https://json-schema.org/draft/2020-12/schema", "required": ["payload"], "properties": {"payload": {"type": "string", "description": "The content of the payload"}}, "description": "Any content"}', '[{"at": "2023-09-21T12:27:10.515335Z", "by": "TESTS", "action": "CREATED"}]', NULL);


--
-- Data for Name: publishers; Type: TABLE DATA; Schema: im_msg; Owner: im_msg_usr
--

INSERT INTO im_msg.publishers VALUES ('018ab625-ded6-76b9-adef-cba03675669d', '018ab625-dec3-7c65-8ded-980e7c098fea', 'INTERNAL', 'publisher-018ab625-ddcc-7167-9ccd-8879ee0ebba7', '[{"at": "2023-09-21T05:10:49.814794Z", "by": "TESTS", "action": "CREATED"}]', NULL);
INSERT INTO im_msg.publishers VALUES ('018ab7b5-5b36-7fed-8bf4-d0723b580778', '018ab7b5-5b22-7d74-b42a-3fd93df988a3', 'INTERNAL', 'publisher-018ab7b5-5a1f-7b2a-9b16-2a9890cdc1ce', '[{"at": "2023-09-21T12:27:10.518760Z", "by": "TESTS", "action": "CREATED"}]', NULL);
INSERT INTO im_msg.publishers VALUES ('018acc4a-4dcb-70e4-bb78-c9e035dd9fa8', '018acc4a-4dbd-7d52-a791-6ba9ed40a3a7', 'INTERNAL', 'publisher-018acc4a-4cc4-7a1d-bdc0-67f044fb126e', '[{"at": "2023-09-25T12:22:16.267962Z", "by": "TESTS", "action": "CREATED"}]', NULL);
INSERT INTO im_msg.publishers VALUES ('018acc8d-0354-7885-a4ce-84778efa2ebf', '018acc8d-0343-789e-88e9-1658b95d0705', 'INTERNAL', 'publisher-018acc8d-0248-7dac-a65f-929b5abc9564', '[{"at": "2023-09-25T13:35:08.116928Z", "by": "TESTS", "action": "CREATED"}]', NULL);
INSERT INTO im_msg.publishers VALUES ('018acc8d-3a82-721a-ac4c-449b3ae727b5', '018acc8d-3a75-77f5-af87-cfaac0815079', 'INTERNAL', 'publisher-018acc8d-397c-749f-83a0-a4da4ce171ea', '[{"at": "2023-09-25T13:35:22.242922Z", "by": "TESTS", "action": "CREATED"}]', NULL);
INSERT INTO im_msg.publishers VALUES ('018acc8d-7a2d-7981-9f6f-247f1ca6e6f8', '018acc8d-7a1b-7eb5-90cd-cf72ac3bdce5', 'INTERNAL', 'publisher-018acc8d-78ff-7abd-893e-7ebb1b1c68fb', '[{"at": "2023-09-25T13:35:38.541555Z", "by": "TESTS", "action": "CREATED"}]', NULL);
INSERT INTO im_msg.publishers VALUES ('018ae021-ae2c-73a4-aa56-05d1fa621cd2', '018ae01c-5d69-7764-98bd-060e5df2e5ca', 'INTERNAL', 'manager-018acc4a-4cc4-7a1d-bdc0-67f044fb126e', '[{"at": "2023-09-25T13:35:38.541555Z", "by": "TESTS", "action": "CREATED"}]', NULL);


--
-- Data for Name: publisher_constraints; Type: TABLE DATA; Schema: im_msg; Owner: im_msg_usr
--

INSERT INTO im_msg.publisher_constraints VALUES ('018ab625-ded8-7d6c-9185-8aef34af8151', '018ab625-ded6-76b9-adef-cba03675669d', '018ab625-ded0-766c-a2f9-a55941df2fd0', '2023-09-21 05:10:49.820386+00', NULL);
INSERT INTO im_msg.publisher_constraints VALUES ('018ab7b5-5b39-7299-a035-ae93776a337f', '018ab7b5-5b36-7fed-8bf4-d0723b580778', '018ab7b5-5b2e-72a7-8a33-9fe3f33cf1e7', '2023-09-21 12:27:10.521038+00', NULL);
INSERT INTO im_msg.publisher_constraints VALUES ('018acc4a-4dce-7b6a-b62c-a604f6de3508', '018acc4a-4dcb-70e4-bb78-c9e035dd9fa8', '018acc4a-4dc4-7f9e-9730-e6d8d1a9d374', '2023-09-25 12:22:16.27162+00', NULL);
INSERT INTO im_msg.publisher_constraints VALUES ('018acc8d-0357-72ef-8e8a-78bcf4a2117d', '018acc8d-0354-7885-a4ce-84778efa2ebf', '018acc8d-034c-7f3d-94ee-0e2eaf1ea7c1', '2023-09-25 13:35:08.120945+00', NULL);
INSERT INTO im_msg.publisher_constraints VALUES ('018acc8d-3a85-7e15-bcac-afc4bdbd57ae', '018acc8d-3a82-721a-ac4c-449b3ae727b5', '018acc8d-3a7c-718a-88d4-52dc41507848', '2023-09-25 13:35:22.246315+00', NULL);
INSERT INTO im_msg.publisher_constraints VALUES ('018acc8d-7a31-7cef-8295-b7ed47ef5f62', '018acc8d-7a2d-7981-9f6f-247f1ca6e6f8', '018acc8d-7a24-7b53-969e-d164d2d76c02', '2023-09-25 13:35:38.547255+00', NULL);
INSERT INTO im_msg.publisher_constraints VALUES ('018ae021-ae3a-752d-98c2-4ec3e3484f79', '018ae021-ae2c-73a4-aa56-05d1fa621cd2', '018acc8d-7a24-7b53-969e-d164d2d76c03', '2023-09-29 11:50:18.298895+03', NULL);


--
-- Data for Name: subscriptions; Type: TABLE DATA; Schema: im_msg; Owner: im_msg_usr
--

INSERT INTO im_msg.subscriptions VALUES ('018ab625-df06-7a2a-93d5-c21f0c62acfb', '018ab625-dec3-7c65-8ded-980e7c098fea', '018ab625-ded0-766c-a2f9-a55941df2fd0', 'INTERNAL', 'subscription-018ab625-ddcc-7167-9ccd-8879ee0ebba7', '{"method": "PULL"}', '[{"at": "2023-09-21T05:10:49.869903Z", "by": "TESTS", "action": "CREATED"}, {"at": "2023-09-21T05:10:49.892799Z", "by": "TESTS", "action": "MODIFIED"}]', NULL);
INSERT INTO im_msg.subscriptions VALUES ('018acc8d-071e-7698-95d6-e495f8d52d37', '018acc8d-0343-789e-88e9-1658b95d0705', '018acc8d-034c-7f3d-94ee-0e2eaf1ea7c1', 'INTERNAL', 'subscription-018acc8d-0717-7a7f-86e7-781ac4b105cc', '{"method": "PUSH", "pushUrl": "http://wiremock:8080/api/callback", "deliveryDelay": "0"}', '[{"at": "2023-09-25T13:35:09.088808Z", "by": "TESTS", "action": "CREATED"}, {"at": "2023-09-25T13:35:09.100136Z", "by": "TESTS", "action": "MODIFIED"}]', NULL);
INSERT INTO im_msg.subscriptions VALUES ('018acc8d-0742-7583-bad1-2e12dadff094', '018acc8d-0343-789e-88e9-1658b95d0705', '018acc8d-034c-7f3d-94ee-0e2eaf1ea7c1', 'INTERNAL', 'subscription-018acc8d-0741-7078-b4b7-ecac97155927', '{"method": "PUSH", "pushUrl": "http://wiremock:8080/api/callback", "deliveryDelay": "0"}', '[{"at": "2023-09-25T13:35:09.122349Z", "by": "TESTS", "action": "CREATED"}, {"at": "2023-09-25T13:35:09.127144Z", "by": "TESTS", "action": "MODIFIED"}]', NULL);
INSERT INTO im_msg.subscriptions VALUES ('018acc8d-0758-78fe-9b5e-a765c5fcc5ef', '018acc8d-0343-789e-88e9-1658b95d0705', '018acc8d-034c-7f3d-94ee-0e2eaf1ea7c1', 'INTERNAL', 'subscription-018acc8d-0758-7d5a-a8a6-903c41099311', '{"method": "PUSH", "pushUrl": "http://wiremock:8080/api/callback", "deliveryDelay": "0"}', '[{"at": "2023-09-25T13:35:09.144864Z", "by": "TESTS", "action": "CREATED"}, {"at": "2023-09-25T13:35:09.150441Z", "by": "TESTS", "action": "MODIFIED"}]', NULL);
INSERT INTO im_msg.subscriptions VALUES ('018acc8d-0770-7e47-a6ee-db0f4aef0810', '018acc8d-0343-789e-88e9-1658b95d0705', '018acc8d-034c-7f3d-94ee-0e2eaf1ea7c1', 'INTERNAL', 'subscription-018acc8d-0770-7aae-a812-cd3370a4c066', '{"method": "PUSH", "pushUrl": "http://wiremock:8080/api/callback", "deliveryDelay": "0"}', '[{"at": "2023-09-25T13:35:09.168325Z", "by": "TESTS", "action": "CREATED"}, {"at": "2023-09-25T13:35:09.178121Z", "by": "TESTS", "action": "MODIFIED"}]', NULL);
INSERT INTO im_msg.subscriptions VALUES ('018acc8d-078a-7224-8313-ae52e05cb5bb', '018acc8d-0343-789e-88e9-1658b95d0705', '018acc8d-034c-7f3d-94ee-0e2eaf1ea7c1', 'INTERNAL', 'subscription-018acc8d-078a-7946-ba8a-e465465d2b21', '{"method": "PUSH", "pushUrl": "http://wiremock:8080/api/callback", "deliveryDelay": "0"}', '[{"at": "2023-09-25T13:35:09.194878Z", "by": "TESTS", "action": "CREATED"}, {"at": "2023-09-25T13:35:09.199779Z", "by": "TESTS", "action": "MODIFIED"}]', NULL);
INSERT INTO im_msg.subscriptions VALUES ('018acc8d-07a0-707a-98d6-1ab4305bf88c', '018acc8d-0343-789e-88e9-1658b95d0705', '018acc8d-034c-7f3d-94ee-0e2eaf1ea7c1', 'INTERNAL', 'subscription-018acc8d-07a0-7640-8edc-2d3d09e4d737', '{"method": "PUSH", "pushUrl": "http://wiremock:8080/api/callback", "deliveryDelay": "0"}', '[{"at": "2023-09-25T13:35:09.216864Z", "by": "TESTS", "action": "CREATED"}, {"at": "2023-09-25T13:35:09.221839Z", "by": "TESTS", "action": "MODIFIED"}]', NULL);
INSERT INTO im_msg.subscriptions VALUES ('018acc8d-07b4-7c85-b1bf-2c913029e30a', '018acc8d-0343-789e-88e9-1658b95d0705', '018acc8d-034c-7f3d-94ee-0e2eaf1ea7c1', 'INTERNAL', 'subscription-018acc8d-07b4-725f-9161-7b8fde6b0a8a', '{"method": "PUSH", "pushUrl": "http://wiremock:8080/api/callback", "deliveryDelay": "0"}', '[{"at": "2023-09-25T13:35:09.237043Z", "by": "TESTS", "action": "CREATED"}, {"at": "2023-09-25T13:35:09.241739Z", "by": "TESTS", "action": "MODIFIED"}]', NULL);
INSERT INTO im_msg.subscriptions VALUES ('018ab7b5-5f7d-74a4-81ce-748c738965e2', '018ab7b5-5b22-7d74-b42a-3fd93df988a3', '018ab7b5-5b2e-72a7-8a33-9fe3f33cf1e7', 'INTERNAL', 'subscription-018ab7b5-5f76-76d2-8146-dab3aef765f5', '{"method": "PUSH", "pushUrl": "http://wiremock:8080/api/callback", "deliveryDelay": "0"}', '[{"at": "2023-09-21T12:27:11.614870Z", "by": "TESTS", "action": "CREATED"}, {"at": "2023-09-21T12:27:11.625295Z", "by": "TESTS", "action": "MODIFIED"}]', NULL);
INSERT INTO im_msg.subscriptions VALUES ('018ab7b5-5fa3-7c00-b256-4d5c07e8d22f', '018ab7b5-5b22-7d74-b42a-3fd93df988a3', '018ab7b5-5b2e-72a7-8a33-9fe3f33cf1e7', 'INTERNAL', 'subscription-018ab7b5-5fa3-76a3-ac6a-1532cc7e340b', '{"method": "PUSH", "pushUrl": "http://wiremock:8080/api/callback", "deliveryDelay": "0"}', '[{"at": "2023-09-21T12:27:11.651876Z", "by": "TESTS", "action": "CREATED"}, {"at": "2023-09-21T12:27:11.658658Z", "by": "TESTS", "action": "MODIFIED"}]', NULL);
INSERT INTO im_msg.subscriptions VALUES ('018ab7b5-5fc0-7dd4-b1d3-fab960854b7a', '018ab7b5-5b22-7d74-b42a-3fd93df988a3', '018ab7b5-5b2e-72a7-8a33-9fe3f33cf1e7', 'INTERNAL', 'subscription-018ab7b5-5fbf-717d-a6d3-a8bfd59a5036', '{"method": "PUSH", "pushUrl": "http://wiremock:8080/api/callback", "deliveryDelay": "0"}', '[{"at": "2023-09-21T12:27:11.680452Z", "by": "TESTS", "action": "CREATED"}, {"at": "2023-09-21T12:27:11.687335Z", "by": "TESTS", "action": "MODIFIED"}]', NULL);
INSERT INTO im_msg.subscriptions VALUES ('018ab7b5-5fda-7721-a239-bc0f89645fa9', '018ab7b5-5b22-7d74-b42a-3fd93df988a3', '018ab7b5-5b2e-72a7-8a33-9fe3f33cf1e7', 'INTERNAL', 'subscription-018ab7b5-5fda-7443-b0a6-40b1dd0b1546', '{"method": "PUSH", "pushUrl": "http://wiremock:8080/api/callback", "deliveryDelay": "0"}', '[{"at": "2023-09-21T12:27:11.706592Z", "by": "TESTS", "action": "CREATED"}, {"at": "2023-09-21T12:27:11.711221Z", "by": "TESTS", "action": "MODIFIED"}]', NULL);
INSERT INTO im_msg.subscriptions VALUES ('018ab7b5-5fef-7061-ae73-84017bb929fc', '018ab7b5-5b22-7d74-b42a-3fd93df988a3', '018ab7b5-5b2e-72a7-8a33-9fe3f33cf1e7', 'INTERNAL', 'subscription-018ab7b5-5fee-71e9-bf37-27ba77ff9582', '{"method": "PUSH", "pushUrl": "http://wiremock:8080/api/callback", "deliveryDelay": "0"}', '[{"at": "2023-09-21T12:27:11.727164Z", "by": "TESTS", "action": "CREATED"}, {"at": "2023-09-21T12:27:11.732465Z", "by": "TESTS", "action": "MODIFIED"}]', NULL);
INSERT INTO im_msg.subscriptions VALUES ('018ab7b5-6003-7ec4-9314-321efd88614a', '018ab7b5-5b22-7d74-b42a-3fd93df988a3', '018ab7b5-5b2e-72a7-8a33-9fe3f33cf1e7', 'INTERNAL', 'subscription-018ab7b5-6003-7974-8dab-67ec3140ad36', '{"method": "PUSH", "pushUrl": "http://wiremock:8080/api/callback", "deliveryDelay": "0"}', '[{"at": "2023-09-21T12:27:11.747851Z", "by": "TESTS", "action": "CREATED"}, {"at": "2023-09-21T12:27:11.752534Z", "by": "TESTS", "action": "MODIFIED"}]', NULL);
INSERT INTO im_msg.subscriptions VALUES ('018ab7b5-6019-702a-93b1-7d91b45be4f4', '018ab7b5-5b22-7d74-b42a-3fd93df988a3', '018ab7b5-5b2e-72a7-8a33-9fe3f33cf1e7', 'INTERNAL', 'subscription-018ab7b5-6018-78a3-abb3-25b8279c0206', '{"method": "PUSH", "pushUrl": "http://wiremock:8080/api/callback", "deliveryDelay": "0"}', '[{"at": "2023-09-21T12:27:11.769156Z", "by": "TESTS", "action": "CREATED"}, {"at": "2023-09-21T12:27:11.774420Z", "by": "TESTS", "action": "MODIFIED"}]', NULL);
INSERT INTO im_msg.subscriptions VALUES ('018ab7b5-6032-7e15-a86a-c6893201e56e', '018ab7b5-5b22-7d74-b42a-3fd93df988a3', '018ab7b5-5b2e-72a7-8a33-9fe3f33cf1e7', 'INTERNAL', 'subscription-018ab7b5-6031-73a7-a1ce-04fd77cb41ca', '{"method": "PUSH", "pushUrl": "http://wiremock:8080/api/callback", "deliveryDelay": "0"}', '[{"at": "2023-09-21T12:27:11.794137Z", "by": "TESTS", "action": "CREATED"}, {"at": "2023-09-21T12:27:11.802565Z", "by": "TESTS", "action": "MODIFIED"}]', NULL);
INSERT INTO im_msg.subscriptions VALUES ('018ab7b5-604c-75f6-92d8-da5c20a27fa5', '018ab7b5-5b22-7d74-b42a-3fd93df988a3', '018ab7b5-5b2e-72a7-8a33-9fe3f33cf1e7', 'INTERNAL', 'subscription-018ab7b5-604c-7857-bee1-88ab338296b9', '{"method": "PUSH", "pushUrl": "http://wiremock:8080/api/callback", "deliveryDelay": "0"}', '[{"at": "2023-09-21T12:27:11.820560Z", "by": "TESTS", "action": "CREATED"}, {"at": "2023-09-21T12:27:11.828055Z", "by": "TESTS", "action": "MODIFIED"}]', NULL);
INSERT INTO im_msg.subscriptions VALUES ('018ab7b5-6065-733e-84c5-2ffb9dff9de7', '018ab7b5-5b22-7d74-b42a-3fd93df988a3', '018ab7b5-5b2e-72a7-8a33-9fe3f33cf1e7', 'INTERNAL', 'subscription-018ab7b5-6064-74f1-901d-eca11913abff', '{"method": "PUSH", "pushUrl": "http://wiremock:8080/api/callback", "deliveryDelay": "0"}', '[{"at": "2023-09-21T12:27:11.845659Z", "by": "TESTS", "action": "CREATED"}, {"at": "2023-09-21T12:27:11.853231Z", "by": "TESTS", "action": "MODIFIED"}]', NULL);
INSERT INTO im_msg.subscriptions VALUES ('018acc4a-5182-73b1-81a7-ae2b76c6e224', '018acc4a-4dbd-7d52-a791-6ba9ed40a3a7', '018acc4a-4dc4-7f9e-9730-e6d8d1a9d374', 'INTERNAL', 'subscription-018acc4a-517b-71d8-ad8b-f1a7538c0876', '{"method": "PUSH", "pushUrl": "http://wiremock:8080/api/callback", "deliveryDelay": "0"}', '[{"at": "2023-09-25T12:22:17.220096Z", "by": "TESTS", "action": "CREATED"}, {"at": "2023-09-25T12:22:17.231542Z", "by": "TESTS", "action": "MODIFIED"}]', NULL);
INSERT INTO im_msg.subscriptions VALUES ('018acc4a-51b6-7455-9b6b-70a64145d82f', '018acc4a-4dbd-7d52-a791-6ba9ed40a3a7', '018acc4a-4dc4-7f9e-9730-e6d8d1a9d374', 'INTERNAL', 'subscription-018acc4a-51b6-73c2-87b6-b8cbdcea1ace', '{"method": "PUSH", "pushUrl": "http://wiremock:8080/api/callback", "deliveryDelay": "0"}', '[{"at": "2023-09-25T12:22:17.270885Z", "by": "TESTS", "action": "CREATED"}, {"at": "2023-09-25T12:22:17.278740Z", "by": "TESTS", "action": "MODIFIED"}]', NULL);
INSERT INTO im_msg.subscriptions VALUES ('018acc4a-51d1-7cda-8b4c-31190b6aee2c', '018acc4a-4dbd-7d52-a791-6ba9ed40a3a7', '018acc4a-4dc4-7f9e-9730-e6d8d1a9d374', 'INTERNAL', 'subscription-018acc4a-51d1-7dd9-8645-668169cb9d1e', '{"method": "PUSH", "pushUrl": "http://wiremock:8080/api/callback", "deliveryDelay": "0"}', '[{"at": "2023-09-25T12:22:17.297774Z", "by": "TESTS", "action": "CREATED"}, {"at": "2023-09-25T12:22:17.303300Z", "by": "TESTS", "action": "MODIFIED"}]', NULL);
INSERT INTO im_msg.subscriptions VALUES ('018acc4a-51e6-7af5-b085-b3c160ac3ce7', '018acc4a-4dbd-7d52-a791-6ba9ed40a3a7', '018acc4a-4dc4-7f9e-9730-e6d8d1a9d374', 'INTERNAL', 'subscription-018acc4a-51e6-7be0-ac36-85092a24e733', '{"method": "PUSH", "pushUrl": "http://wiremock:8080/api/callback", "deliveryDelay": "0"}', '[{"at": "2023-09-25T12:22:17.318855Z", "by": "TESTS", "action": "CREATED"}, {"at": "2023-09-25T12:22:17.323524Z", "by": "TESTS", "action": "MODIFIED"}]', NULL);
INSERT INTO im_msg.subscriptions VALUES ('018acc4a-51fd-7922-a768-182bccbc5c82', '018acc4a-4dbd-7d52-a791-6ba9ed40a3a7', '018acc4a-4dc4-7f9e-9730-e6d8d1a9d374', 'INTERNAL', 'subscription-018acc4a-51fd-7149-97d0-4ad4d69977a6', '{"method": "PUSH", "pushUrl": "http://wiremock:8080/api/callback", "deliveryDelay": "0"}', '[{"at": "2023-09-25T12:22:17.341651Z", "by": "TESTS", "action": "CREATED"}, {"at": "2023-09-25T12:22:17.347071Z", "by": "TESTS", "action": "MODIFIED"}]', NULL);
INSERT INTO im_msg.subscriptions VALUES ('018acc4a-521c-756a-ad8a-f501c93be4bf', '018acc4a-4dbd-7d52-a791-6ba9ed40a3a7', '018acc4a-4dc4-7f9e-9730-e6d8d1a9d374', 'INTERNAL', 'subscription-018acc4a-521c-78c3-ba9a-08497acc0d30', '{"method": "PUSH", "pushUrl": "http://wiremock:8080/api/callback", "deliveryDelay": "0"}', '[{"at": "2023-09-25T12:22:17.373040Z", "by": "TESTS", "action": "CREATED"}, {"at": "2023-09-25T12:22:17.377838Z", "by": "TESTS", "action": "MODIFIED"}]', NULL);
INSERT INTO im_msg.subscriptions VALUES ('018acc8d-3e2a-7051-918e-ae29abea068d', '018acc8d-3a75-77f5-af87-cfaac0815079', '018acc8d-3a7c-718a-88d4-52dc41507848', 'INTERNAL', 'subscription-018acc8d-3e2a-79ae-b418-cc0371bcbafd', '{"method": "PUSH", "pushUrl": "http://wiremock:8080/api/callback", "deliveryDelay": "0"}', '[{"at": "2023-09-25T13:35:23.178944Z", "by": "TESTS", "action": "CREATED"}, {"at": "2023-09-25T13:35:23.185157Z", "by": "TESTS", "action": "MODIFIED"}]', NULL);
INSERT INTO im_msg.subscriptions VALUES ('018acc8d-3e41-7b37-baa5-0cffc593b6ba', '018acc8d-3a75-77f5-af87-cfaac0815079', '018acc8d-3a7c-718a-88d4-52dc41507848', 'INTERNAL', 'subscription-018acc8d-3e41-782c-8d10-6c9231e5f04e', '{"method": "PUSH", "pushUrl": "http://wiremock:8080/api/callback", "deliveryDelay": "0"}', '[{"at": "2023-09-25T13:35:23.202105Z", "by": "TESTS", "action": "CREATED"}, {"at": "2023-09-25T13:35:23.206965Z", "by": "TESTS", "action": "MODIFIED"}]', NULL);
INSERT INTO im_msg.subscriptions VALUES ('018acc8d-3e56-79cc-940f-f9551bbb3890', '018acc8d-3a75-77f5-af87-cfaac0815079', '018acc8d-3a7c-718a-88d4-52dc41507848', 'INTERNAL', 'subscription-018acc8d-3e56-7b75-a004-ddc634f9a54c', '{"method": "PUSH", "pushUrl": "http://wiremock:8080/api/callback", "deliveryDelay": "0"}', '[{"at": "2023-09-25T13:35:23.222751Z", "by": "TESTS", "action": "CREATED"}, {"at": "2023-09-25T13:35:23.229387Z", "by": "TESTS", "action": "MODIFIED"}]', NULL);
INSERT INTO im_msg.subscriptions VALUES ('018acc8d-3e6c-7100-8b54-8945036ee434', '018acc8d-3a75-77f5-af87-cfaac0815079', '018acc8d-3a7c-718a-88d4-52dc41507848', 'INTERNAL', 'subscription-018acc8d-3e6c-7fe0-a130-de4cb4c5eff2', '{"method": "PUSH", "pushUrl": "http://wiremock:8080/api/callback", "deliveryDelay": "0"}', '[{"at": "2023-09-25T13:35:23.244308Z", "by": "TESTS", "action": "CREATED"}, {"at": "2023-09-25T13:35:23.248297Z", "by": "TESTS", "action": "MODIFIED"}]', NULL);
INSERT INTO im_msg.subscriptions VALUES ('018acc8d-07cc-7071-9ad5-93e73f56d797', '018acc8d-0343-789e-88e9-1658b95d0705', '018acc8d-034c-7f3d-94ee-0e2eaf1ea7c1', 'INTERNAL', 'subscription-018acc8d-07cc-7d3a-a09b-7cb07261f9f7', '{"method": "PUSH", "pushUrl": "http://wiremock:8080/api/callback", "deliveryDelay": "0"}', '[{"at": "2023-09-25T13:35:09.260697Z", "by": "TESTS", "action": "CREATED"}, {"at": "2023-09-25T13:35:09.265568Z", "by": "TESTS", "action": "MODIFIED"}]', NULL);
INSERT INTO im_msg.subscriptions VALUES ('018acc8d-07e2-7376-b3fb-e7919f8dfc8b', '018acc8d-0343-789e-88e9-1658b95d0705', '018acc8d-034c-7f3d-94ee-0e2eaf1ea7c1', 'INTERNAL', 'subscription-018acc8d-07e1-76ec-8ed4-904557cecb78', '{"method": "PUSH", "pushUrl": "http://wiremock:8080/api/callback", "deliveryDelay": "0"}', '[{"at": "2023-09-25T13:35:09.282118Z", "by": "TESTS", "action": "CREATED"}, {"at": "2023-09-25T13:35:09.288084Z", "by": "TESTS", "action": "MODIFIED"}]', NULL);
INSERT INTO im_msg.subscriptions VALUES ('018acc8d-07fa-79a7-8e57-d735d3e005d8', '018acc8d-0343-789e-88e9-1658b95d0705', '018acc8d-034c-7f3d-94ee-0e2eaf1ea7c1', 'INTERNAL', 'subscription-018acc8d-07f9-7916-ad75-c54c13ae0029', '{"method": "PUSH", "pushUrl": "http://wiremock:8080/api/callback", "deliveryDelay": "0"}', '[{"at": "2023-09-25T13:35:09.306109Z", "by": "TESTS", "action": "CREATED"}, {"at": "2023-09-25T13:35:09.312684Z", "by": "TESTS", "action": "MODIFIED"}]', NULL);
INSERT INTO im_msg.subscriptions VALUES ('018acc8d-3e09-78b3-80bc-da0611651f4c', '018acc8d-3a75-77f5-af87-cfaac0815079', '018acc8d-3a7c-718a-88d4-52dc41507848', 'INTERNAL', 'subscription-018acc8d-3e02-7b88-a447-f89c2d733113', '{"method": "PUSH", "pushUrl": "http://wiremock:8080/api/callback", "deliveryDelay": "0"}', '[{"at": "2023-09-25T13:35:23.148044Z", "by": "TESTS", "action": "CREATED"}, {"at": "2023-09-25T13:35:23.158489Z", "by": "TESTS", "action": "MODIFIED"}]', NULL);
INSERT INTO im_msg.subscriptions VALUES ('018acc8d-3e89-7610-9f5e-267eff7ff781', '018acc8d-3a75-77f5-af87-cfaac0815079', '018acc8d-3a7c-718a-88d4-52dc41507848', 'INTERNAL', 'subscription-018acc8d-3e89-7e0a-a86b-8871fd8c9b2c', '{"method": "PUSH", "pushUrl": "http://wiremock:8080/api/callback", "deliveryDelay": "0"}', '[{"at": "2023-09-25T13:35:23.273475Z", "by": "TESTS", "action": "CREATED"}, {"at": "2023-09-25T13:35:23.277437Z", "by": "TESTS", "action": "MODIFIED"}]', NULL);
INSERT INTO im_msg.subscriptions VALUES ('018acc8d-3e9a-7ac4-859f-216418b939fa', '018acc8d-3a75-77f5-af87-cfaac0815079', '018acc8d-3a7c-718a-88d4-52dc41507848', 'INTERNAL', 'subscription-018acc8d-3e9a-7ca1-8299-f0169b082c52', '{"method": "PUSH", "pushUrl": "http://wiremock:8080/api/callback", "deliveryDelay": "0"}', '[{"at": "2023-09-25T13:35:23.290869Z", "by": "TESTS", "action": "CREATED"}, {"at": "2023-09-25T13:35:23.295043Z", "by": "TESTS", "action": "MODIFIED"}]', NULL);
INSERT INTO im_msg.subscriptions VALUES ('018acc8d-3eaf-70da-b925-3a57f132b27e', '018acc8d-3a75-77f5-af87-cfaac0815079', '018acc8d-3a7c-718a-88d4-52dc41507848', 'INTERNAL', 'subscription-018acc8d-3eae-72f2-8847-3a52d2eec5d5', '{"method": "PUSH", "pushUrl": "http://wiremock:8080/api/callback", "deliveryDelay": "0"}', '[{"at": "2023-09-25T13:35:23.311088Z", "by": "TESTS", "action": "CREATED"}, {"at": "2023-09-25T13:35:23.314937Z", "by": "TESTS", "action": "MODIFIED"}]', NULL);
INSERT INTO im_msg.subscriptions VALUES ('018acc8d-3ebf-7891-a441-3fc80cbe84c0', '018acc8d-3a75-77f5-af87-cfaac0815079', '018acc8d-3a7c-718a-88d4-52dc41507848', 'INTERNAL', 'subscription-018acc8d-3ebf-7ce9-95a8-dc8e5a3dfa51', '{"method": "PUSH", "pushUrl": "http://wiremock:8080/api/callback", "deliveryDelay": "0"}', '[{"at": "2023-09-25T13:35:23.328017Z", "by": "TESTS", "action": "CREATED"}, {"at": "2023-09-25T13:35:23.332282Z", "by": "TESTS", "action": "MODIFIED"}]', NULL);
INSERT INTO im_msg.subscriptions VALUES ('018acc8d-3ed1-753b-aba4-fa9640e8888a', '018acc8d-3a75-77f5-af87-cfaac0815079', '018acc8d-3a7c-718a-88d4-52dc41507848', 'INTERNAL', 'subscription-018acc8d-3ed1-7591-8d9a-f87db552918d', '{"method": "PUSH", "pushUrl": "http://wiremock:8080/api/callback", "deliveryDelay": "0"}', '[{"at": "2023-09-25T13:35:23.345526Z", "by": "TESTS", "action": "CREATED"}, {"at": "2023-09-25T13:35:23.349752Z", "by": "TESTS", "action": "MODIFIED"}]', NULL);
INSERT INTO im_msg.subscriptions VALUES ('018acc8d-7e2c-7bc6-8118-6063a3caee31', '018acc8d-7a1b-7eb5-90cd-cf72ac3bdce5', '018acc8d-7a24-7b53-969e-d164d2d76c02', 'INTERNAL', 'subscription-018acc8d-7e22-7fad-a1e2-5abcb4814646', '{"method": "PUSH", "pushUrl": "http://wiremock:8080/api/callback", "deliveryDelay": "0"}', '[{"at": "2023-09-25T13:35:39.567475Z", "by": "TESTS", "action": "CREATED"}, {"at": "2023-09-25T13:35:39.584376Z", "by": "TESTS", "action": "MODIFIED"}]', NULL);
INSERT INTO im_msg.subscriptions VALUES ('018acc8d-7e5e-75eb-9aec-782d9a863b72', '018acc8d-7a1b-7eb5-90cd-cf72ac3bdce5', '018acc8d-7a24-7b53-969e-d164d2d76c02', 'INTERNAL', 'subscription-018acc8d-7e5e-7612-8fc7-0c444a052006', '{"method": "PUSH", "pushUrl": "http://wiremock:8080/api/callback", "deliveryDelay": "0"}', '[{"at": "2023-09-25T13:35:39.614810Z", "by": "TESTS", "action": "CREATED"}, {"at": "2023-09-25T13:35:39.619618Z", "by": "TESTS", "action": "MODIFIED"}]', NULL);
INSERT INTO im_msg.subscriptions VALUES ('018acc8d-7e77-7d7e-a8f8-6069a8c87deb', '018acc8d-7a1b-7eb5-90cd-cf72ac3bdce5', '018acc8d-7a24-7b53-969e-d164d2d76c02', 'INTERNAL', 'subscription-018acc8d-7e77-7131-83f8-1c832cf044b7', '{"method": "PUSH", "pushUrl": "http://wiremock:8080/api/callback", "deliveryDelay": "0"}', '[{"at": "2023-09-25T13:35:39.639793Z", "by": "TESTS", "action": "CREATED"}, {"at": "2023-09-25T13:35:39.645017Z", "by": "TESTS", "action": "MODIFIED"}]', NULL);
INSERT INTO im_msg.subscriptions VALUES ('018acc4a-5232-7bc3-960f-877d71fdcc14', '018acc4a-4dbd-7d52-a791-6ba9ed40a3a7', '018acc4a-4dc4-7f9e-9730-e6d8d1a9d374', 'INTERNAL', 'subscription-018acc4a-5232-706e-9d96-294cdef7f72e', '{"method": "PUSH", "pushUrl": "http://wiremock:8080/api/callback", "deliveryDelay": "0"}', '[{"at": "2023-09-25T12:22:17.395144Z", "by": "TESTS", "action": "CREATED"}, {"at": "2023-09-25T12:22:17.404725Z", "by": "TESTS", "action": "MODIFIED"}]', NULL);
INSERT INTO im_msg.subscriptions VALUES ('018acc4a-5252-7008-bef5-28c4787b0973', '018acc4a-4dbd-7d52-a791-6ba9ed40a3a7', '018acc4a-4dc4-7f9e-9730-e6d8d1a9d374', 'INTERNAL', 'subscription-018acc4a-5252-7a3e-b899-9ba89ef4cf17', '{"method": "PUSH", "pushUrl": "http://wiremock:8080/api/callback", "deliveryDelay": "0"}', '[{"at": "2023-09-25T12:22:17.426682Z", "by": "TESTS", "action": "CREATED"}, {"at": "2023-09-25T12:22:17.433079Z", "by": "TESTS", "action": "MODIFIED"}]', NULL);
INSERT INTO im_msg.subscriptions VALUES ('018acc4a-5269-7bf0-9125-94409c9c064c', '018acc4a-4dbd-7d52-a791-6ba9ed40a3a7', '018acc4a-4dc4-7f9e-9730-e6d8d1a9d374', 'INTERNAL', 'subscription-018acc4a-5269-759c-9a11-6192cb3d0858', '{"method": "PUSH", "pushUrl": "http://wiremock:8080/api/callback", "deliveryDelay": "0"}', '[{"at": "2023-09-25T12:22:17.449315Z", "by": "TESTS", "action": "CREATED"}, {"at": "2023-09-25T12:22:17.453895Z", "by": "TESTS", "action": "MODIFIED"}]', NULL);
INSERT INTO im_msg.subscriptions VALUES ('018acc4a-527c-708e-a095-59a32eff83c3', '018acc4a-4dbd-7d52-a791-6ba9ed40a3a7', '018acc4a-4dc4-7f9e-9730-e6d8d1a9d374', 'INTERNAL', 'subscription-018acc4a-527b-7130-91c7-6d0ed2c45863', '{"method": "PUSH", "pushUrl": "http://wiremock:8080/api/callback", "deliveryDelay": "0"}', '[{"at": "2023-09-25T12:22:17.468402Z", "by": "TESTS", "action": "CREATED"}, {"at": "2023-09-25T12:22:17.473527Z", "by": "TESTS", "action": "MODIFIED"}]', NULL);
INSERT INTO im_msg.subscriptions VALUES ('018acc8d-7e8d-7bf0-83a2-6f72669682af', '018acc8d-7a1b-7eb5-90cd-cf72ac3bdce5', '018acc8d-7a24-7b53-969e-d164d2d76c02', 'INTERNAL', 'subscription-018acc8d-7e8d-7523-8776-7adbd95f08a0', '{"method": "PUSH", "pushUrl": "http://wiremock:8080/api/callback", "deliveryDelay": "0"}', '[{"at": "2023-09-25T13:35:39.661749Z", "by": "TESTS", "action": "CREATED"}, {"at": "2023-09-25T13:35:39.667405Z", "by": "TESTS", "action": "MODIFIED"}]', NULL);
INSERT INTO im_msg.subscriptions VALUES ('018acc8d-7ebc-7415-ae52-be795f9fa45e', '018acc8d-7a1b-7eb5-90cd-cf72ac3bdce5', '018acc8d-7a24-7b53-969e-d164d2d76c02', 'INTERNAL', 'subscription-018acc8d-7ebc-7402-bce8-9986aebd46e1', '{"method": "PUSH", "pushUrl": "http://wiremock:8080/api/callback", "deliveryDelay": "0"}', '[{"at": "2023-09-25T13:35:39.708935Z", "by": "TESTS", "action": "CREATED"}, {"at": "2023-09-25T13:35:39.713472Z", "by": "TESTS", "action": "MODIFIED"}]', NULL);
INSERT INTO im_msg.subscriptions VALUES ('018acc8d-7ed0-7584-af52-6be892a11c63', '018acc8d-7a1b-7eb5-90cd-cf72ac3bdce5', '018acc8d-7a24-7b53-969e-d164d2d76c02', 'INTERNAL', 'subscription-018acc8d-7ecf-7e59-91ec-33e5deef6031', '{"method": "PUSH", "pushUrl": "http://wiremock:8080/api/callback", "deliveryDelay": "0"}', '[{"at": "2023-09-25T13:35:39.728157Z", "by": "TESTS", "action": "CREATED"}, {"at": "2023-09-25T13:35:39.732885Z", "by": "TESTS", "action": "MODIFIED"}]', NULL);
INSERT INTO im_msg.subscriptions VALUES ('018acc8d-7ea7-72d9-acfc-adc1d5db8802', '018acc8d-7a1b-7eb5-90cd-cf72ac3bdce5', '018acc8d-7a24-7b53-969e-d164d2d76c02', 'INTERNAL', 'subscription-018acc8d-7ea7-704b-bf88-efefe087634f', '{"method": "PUSH", "pushUrl": "http://wiremock:8080/api/callback", "deliveryDelay": "0"}', '[{"at": "2023-09-25T13:35:39.687535Z", "by": "TESTS", "action": "CREATED"}, {"at": "2023-09-25T13:35:39.692150Z", "by": "TESTS", "action": "MODIFIED"}]', NULL);
INSERT INTO im_msg.subscriptions VALUES ('018acc8d-7ee8-71e0-9bb6-4c71fd9921db', '018acc8d-7a1b-7eb5-90cd-cf72ac3bdce5', '018acc8d-7a24-7b53-969e-d164d2d76c02', 'INTERNAL', 'subscription-018acc8d-7ee8-7f41-83d0-37e21740f21d', '{"method": "PUSH", "pushUrl": "http://wiremock:8080/api/callback", "deliveryDelay": "0"}', '[{"at": "2023-09-25T13:35:39.752395Z", "by": "TESTS", "action": "CREATED"}, {"at": "2023-09-25T13:35:39.757383Z", "by": "TESTS", "action": "MODIFIED"}]', NULL);
INSERT INTO im_msg.subscriptions VALUES ('018acc8d-7efc-732d-8bb9-e5f312dfa5e7', '018acc8d-7a1b-7eb5-90cd-cf72ac3bdce5', '018acc8d-7a24-7b53-969e-d164d2d76c02', 'INTERNAL', 'subscription-018acc8d-7efc-7eae-b9c3-7fe20c832881', '{"method": "PUSH", "pushUrl": "http://wiremock:8080/api/callback", "deliveryDelay": "0"}', '[{"at": "2023-09-25T13:35:39.772306Z", "by": "TESTS", "action": "CREATED"}, {"at": "2023-09-25T13:35:39.776925Z", "by": "TESTS", "action": "MODIFIED"}]', NULL);
INSERT INTO im_msg.subscriptions VALUES ('018acc8d-7f0f-7787-80ec-482c47d4fff8', '018acc8d-7a1b-7eb5-90cd-cf72ac3bdce5', '018acc8d-7a24-7b53-969e-d164d2d76c02', 'INTERNAL', 'subscription-018acc8d-7f0f-71eb-b2c5-2cf629704bbe', '{"method": "PUSH", "pushUrl": "http://wiremock:8080/api/callback", "deliveryDelay": "0"}', '[{"at": "2023-09-25T13:35:39.791742Z", "by": "TESTS", "action": "CREATED"}, {"at": "2023-09-25T13:35:39.797110Z", "by": "TESTS", "action": "MODIFIED"}]', NULL);
INSERT INTO im_msg.subscriptions VALUES ('018acc4a-5232-7bc3-960f-877d71fdcc16', '018ae01c-5d69-7764-98bd-060e5df2e5ca', '018acc8d-7a24-7b53-969e-d164d2d76c03', 'INTERNAL', 'subscription-018acc4a-5232-7bc3-960f-877d71fdcc16', '{"method": "PUSH", "pushUrl": "http://wiremock:8080/api/callback", "deliveryDelay": "0"}', '[{"at": "2023-09-25T12:22:17.395144Z", "by": "TESTS", "action": "CREATED"}, {"at": "2023-09-25T12:22:17.404725Z", "by": "TESTS", "action": "MODIFIED"}]', NULL);


--
-- Data for Name: subscription_status; Type: TABLE DATA; Schema: im_msg; Owner: im_msg_usr
--

INSERT INTO im_msg.subscription_status VALUES ('018ab625-df18-76a1-8e99-8f7dc5071e2c', '018ab625-df06-7a2a-93d5-c21f0c62acfb', 'PENDING', '2023-09-21 05:10:49.88756+00');
INSERT INTO im_msg.subscription_status VALUES ('018ab625-df20-748f-812b-36cb729428f2', '018ab625-df06-7a2a-93d5-c21f0c62acfb', 'ACTIVE', '2023-09-21 05:10:49.891961+00');
INSERT INTO im_msg.subscription_status VALUES ('018ab7b5-5f82-72e2-bda7-a18714c00208', '018ab7b5-5f7d-74a4-81ce-748c738965e2', 'PENDING', '2023-09-21 12:27:11.618887+00');
INSERT INTO im_msg.subscription_status VALUES ('018ab7b5-5f85-747f-a026-054a7f8e6b83', '018ab7b5-5f7d-74a4-81ce-748c738965e2', 'ACTIVE', '2023-09-21 12:27:11.621446+00');
INSERT INTO im_msg.subscription_status VALUES ('018ab7b5-5fa6-754c-8a6a-1ec014937a5d', '018ab7b5-5fa3-7c00-b256-4d5c07e8d22f', 'PENDING', '2023-09-21 12:27:11.654934+00');
INSERT INTO im_msg.subscription_status VALUES ('018ab7b5-5fa8-73ae-8e0c-28f3f68da305', '018ab7b5-5fa3-7c00-b256-4d5c07e8d22f', 'ACTIVE', '2023-09-21 12:27:11.656612+00');
INSERT INTO im_msg.subscription_status VALUES ('018ab7b5-5fc3-772f-b061-6f6a06326dcf', '018ab7b5-5fc0-7dd4-b1d3-fab960854b7a', 'PENDING', '2023-09-21 12:27:11.683194+00');
INSERT INTO im_msg.subscription_status VALUES ('018ab7b5-5fc5-73f3-82d7-7a938a9d8b9f', '018ab7b5-5fc0-7dd4-b1d3-fab960854b7a', 'ACTIVE', '2023-09-21 12:27:11.685122+00');
INSERT INTO im_msg.subscription_status VALUES ('018ab7b5-5fdc-76f3-92c9-78c05080bfcf', '018ab7b5-5fda-7721-a239-bc0f89645fa9', 'PENDING', '2023-09-21 12:27:11.707871+00');
INSERT INTO im_msg.subscription_status VALUES ('018ab7b5-5fdd-7a4a-b933-95aa9a78dd8b', '018ab7b5-5fda-7721-a239-bc0f89645fa9', 'ACTIVE', '2023-09-21 12:27:11.70932+00');
INSERT INTO im_msg.subscription_status VALUES ('018ab7b5-5ff1-7ec0-9c48-b1198c28a532', '018ab7b5-5fef-7061-ae73-84017bb929fc', 'PENDING', '2023-09-21 12:27:11.728673+00');
INSERT INTO im_msg.subscription_status VALUES ('018ab7b5-5ff2-7b43-b4ee-562f12ac7f95', '018ab7b5-5fef-7061-ae73-84017bb929fc', 'ACTIVE', '2023-09-21 12:27:11.730456+00');
INSERT INTO im_msg.subscription_status VALUES ('018ab7b5-6005-7c2c-9750-e8a05e94f69e', '018ab7b5-6003-7ec4-9314-321efd88614a', 'PENDING', '2023-09-21 12:27:11.749334+00');
INSERT INTO im_msg.subscription_status VALUES ('018ab7b5-6007-7b9b-a808-d806fa10e368', '018ab7b5-6003-7ec4-9314-321efd88614a', 'ACTIVE', '2023-09-21 12:27:11.750716+00');
INSERT INTO im_msg.subscription_status VALUES ('018ab7b5-601b-7b62-a8f1-41ea6fa892f1', '018ab7b5-6019-702a-93b1-7d91b45be4f4', 'PENDING', '2023-09-21 12:27:11.770913+00');
INSERT INTO im_msg.subscription_status VALUES ('018ab7b5-601c-76a4-8fd2-822e0f4a535b', '018ab7b5-6019-702a-93b1-7d91b45be4f4', 'ACTIVE', '2023-09-21 12:27:11.772481+00');
INSERT INTO im_msg.subscription_status VALUES ('018ab7b5-6035-72d6-b146-14b45d8861eb', '018ab7b5-6032-7e15-a86a-c6893201e56e', 'PENDING', '2023-09-21 12:27:11.798177+00');
INSERT INTO im_msg.subscription_status VALUES ('018ab7b5-6038-7e15-a8e5-5af950c156c4', '018ab7b5-6032-7e15-a86a-c6893201e56e', 'ACTIVE', '2023-09-21 12:27:11.800365+00');
INSERT INTO im_msg.subscription_status VALUES ('018ab7b5-604f-73d5-8adc-c691a8346cfd', '018ab7b5-604c-75f6-92d8-da5c20a27fa5', 'PENDING', '2023-09-21 12:27:11.823907+00');
INSERT INTO im_msg.subscription_status VALUES ('018ab7b5-6052-7f95-977d-2eb8f7ddcf43', '018ab7b5-604c-75f6-92d8-da5c20a27fa5', 'ACTIVE', '2023-09-21 12:27:11.825902+00');
INSERT INTO im_msg.subscription_status VALUES ('018ab7b5-6068-7f69-b843-06e4dfe21cdd', '018ab7b5-6065-733e-84c5-2ffb9dff9de7', 'PENDING', '2023-09-21 12:27:11.847776+00');
INSERT INTO im_msg.subscription_status VALUES ('018ab7b5-6069-7a3d-a5d3-1d34fee5a4e9', '018ab7b5-6065-733e-84c5-2ffb9dff9de7', 'ACTIVE', '2023-09-21 12:27:11.849876+00');
INSERT INTO im_msg.subscription_status VALUES ('018acc4a-5187-7141-a8ee-991f88989c8f', '018acc4a-5182-73b1-81a7-ae2b76c6e224', 'PENDING', '2023-09-25 12:22:17.224817+00');
INSERT INTO im_msg.subscription_status VALUES ('018acc4a-518b-7d49-91e3-41de2fb28c90', '018acc4a-5182-73b1-81a7-ae2b76c6e224', 'ACTIVE', '2023-09-25 12:22:17.227704+00');
INSERT INTO im_msg.subscription_status VALUES ('018acc4a-51ba-7082-95be-4cb55935ca0c', '018acc4a-51b6-7455-9b6b-70a64145d82f', 'PENDING', '2023-09-25 12:22:17.27544+00');
INSERT INTO im_msg.subscription_status VALUES ('018acc4a-51bc-7ed4-adc3-91d357821bac', '018acc4a-51b6-7455-9b6b-70a64145d82f', 'ACTIVE', '2023-09-25 12:22:17.27724+00');
INSERT INTO im_msg.subscription_status VALUES ('018acc4a-51d3-7057-a0a7-4783f11499d6', '018acc4a-51d1-7cda-8b4c-31190b6aee2c', 'PENDING', '2023-09-25 12:22:17.300539+00');
INSERT INTO im_msg.subscription_status VALUES ('018acc4a-51d5-7551-bdbb-425ce44ff731', '018acc4a-51d1-7cda-8b4c-31190b6aee2c', 'ACTIVE', '2023-09-25 12:22:17.302246+00');
INSERT INTO im_msg.subscription_status VALUES ('018acc4a-51e8-73e7-8e76-452ed8544d3b', '018acc4a-51e6-7af5-b085-b3c160ac3ce7', 'PENDING', '2023-09-25 12:22:17.321055+00');
INSERT INTO im_msg.subscription_status VALUES ('018acc4a-51ea-7134-a540-8489d97ebd2e', '018acc4a-51e6-7af5-b085-b3c160ac3ce7', 'ACTIVE', '2023-09-25 12:22:17.322444+00');
INSERT INTO im_msg.subscription_status VALUES ('018acc4a-51ff-722b-88b4-13bc0132094a', '018acc4a-51fd-7922-a768-182bccbc5c82', 'PENDING', '2023-09-25 12:22:17.344417+00');
INSERT INTO im_msg.subscription_status VALUES ('018acc4a-5201-71db-a3fc-c162c9498ac5', '018acc4a-51fd-7922-a768-182bccbc5c82', 'ACTIVE', '2023-09-25 12:22:17.345996+00');
INSERT INTO im_msg.subscription_status VALUES ('018acc4a-521f-7502-a5eb-636b37fc75a2', '018acc4a-521c-756a-ad8a-f501c93be4bf', 'PENDING', '2023-09-25 12:22:17.375894+00');
INSERT INTO im_msg.subscription_status VALUES ('018acc4a-5220-72a6-8ff9-1ba2b3f92217', '018acc4a-521c-756a-ad8a-f501c93be4bf', 'ACTIVE', '2023-09-25 12:22:17.376924+00');
INSERT INTO im_msg.subscription_status VALUES ('018acc4a-5236-71c9-9160-08b63b446152', '018acc4a-5232-7bc3-960f-877d71fdcc14', 'PENDING', '2023-09-25 12:22:17.39862+00');
INSERT INTO im_msg.subscription_status VALUES ('018acc4a-5237-7b38-9d51-540d18d686c7', '018acc4a-5232-7bc3-960f-877d71fdcc14', 'ACTIVE', '2023-09-25 12:22:17.40063+00');
INSERT INTO im_msg.subscription_status VALUES ('018acc4a-5255-708b-8e87-1b13380b9dd4', '018acc4a-5252-7008-bef5-28c4787b0973', 'PENDING', '2023-09-25 12:22:17.430496+00');
INSERT INTO im_msg.subscription_status VALUES ('018acc4a-5257-7980-94b6-b3d03f0ae9d2', '018acc4a-5252-7008-bef5-28c4787b0973', 'ACTIVE', '2023-09-25 12:22:17.432063+00');
INSERT INTO im_msg.subscription_status VALUES ('018acc4a-526b-79f5-8c2e-4717cfc6878a', '018acc4a-5269-7bf0-9125-94409c9c064c', 'PENDING', '2023-09-25 12:22:17.451506+00');
INSERT INTO im_msg.subscription_status VALUES ('018acc4a-526c-7ac6-b4e6-0581300b8cc3', '018acc4a-5269-7bf0-9125-94409c9c064c', 'ACTIVE', '2023-09-25 12:22:17.452757+00');
INSERT INTO im_msg.subscription_status VALUES ('018acc4a-527e-70e7-a169-bfe97fd9444b', '018acc4a-527c-708e-a095-59a32eff83c3', 'PENDING', '2023-09-25 12:22:17.470937+00');
INSERT INTO im_msg.subscription_status VALUES ('018acc4a-527f-75bd-b59e-6201c8a81c42', '018acc4a-527c-708e-a095-59a32eff83c3', 'ACTIVE', '2023-09-25 12:22:17.472337+00');
INSERT INTO im_msg.subscription_status VALUES ('018acc8d-0724-7b07-b909-c6156b5bef2c', '018acc8d-071e-7698-95d6-e495f8d52d37', 'PENDING', '2023-09-25 13:35:09.094186+00');
INSERT INTO im_msg.subscription_status VALUES ('018acc8d-0728-7649-8902-837e13370822', '018acc8d-071e-7698-95d6-e495f8d52d37', 'ACTIVE', '2023-09-25 13:35:09.097143+00');
INSERT INTO im_msg.subscription_status VALUES ('018acc8d-0744-7eb3-86bf-897e6a680293', '018acc8d-0742-7583-bad1-2e12dadff094', 'PENDING', '2023-09-25 13:35:09.124767+00');
INSERT INTO im_msg.subscription_status VALUES ('018acc8d-0745-7cea-9c85-b7d88564b539', '018acc8d-0742-7583-bad1-2e12dadff094', 'ACTIVE', '2023-09-25 13:35:09.126244+00');
INSERT INTO im_msg.subscription_status VALUES ('018acc8d-075a-728f-85f9-79b6a118251f', '018acc8d-0758-78fe-9b5e-a765c5fcc5ef', 'PENDING', '2023-09-25 13:35:09.147746+00');
INSERT INTO im_msg.subscription_status VALUES ('018acc8d-075c-7395-8699-f27aa7d828f0', '018acc8d-0758-78fe-9b5e-a765c5fcc5ef', 'ACTIVE', '2023-09-25 13:35:09.149478+00');
INSERT INTO im_msg.subscription_status VALUES ('018acc8d-0773-7634-a2f4-e5aca0923aa7', '018acc8d-0770-7e47-a6ee-db0f4aef0810', 'PENDING', '2023-09-25 13:35:09.174729+00');
INSERT INTO im_msg.subscription_status VALUES ('018acc8d-0777-763f-9d8c-a0d3881e7312', '018acc8d-0770-7e47-a6ee-db0f4aef0810', 'ACTIVE', '2023-09-25 13:35:09.177103+00');
INSERT INTO im_msg.subscription_status VALUES ('018acc8d-078c-7382-bdfd-ac594aea1c39', '018acc8d-078a-7224-8313-ae52e05cb5bb', 'PENDING', '2023-09-25 13:35:09.197297+00');
INSERT INTO im_msg.subscription_status VALUES ('018acc8d-078d-7698-a3b3-db2c9663283f', '018acc8d-078a-7224-8313-ae52e05cb5bb', 'ACTIVE', '2023-09-25 13:35:09.198736+00');
INSERT INTO im_msg.subscription_status VALUES ('018acc8d-07a3-7699-bffb-3fdfe7f05c3c', '018acc8d-07a0-707a-98d6-1ab4305bf88c', 'PENDING', '2023-09-25 13:35:09.21968+00');
INSERT INTO im_msg.subscription_status VALUES ('018acc8d-07a4-73e7-81a0-7c111fff837e', '018acc8d-07a0-707a-98d6-1ab4305bf88c', 'ACTIVE', '2023-09-25 13:35:09.221046+00');
INSERT INTO im_msg.subscription_status VALUES ('018acc8d-07b6-7042-bb22-50099a292532', '018acc8d-07b4-7c85-b1bf-2c913029e30a', 'PENDING', '2023-09-25 13:35:09.239314+00');
INSERT INTO im_msg.subscription_status VALUES ('018acc8d-07b8-7665-a55b-12ee288abeb0', '018acc8d-07b4-7c85-b1bf-2c913029e30a', 'ACTIVE', '2023-09-25 13:35:09.240963+00');
INSERT INTO im_msg.subscription_status VALUES ('018acc8d-07ce-7e5d-8f93-9ed89cc36dac', '018acc8d-07cc-7071-9ad5-93e73f56d797', 'PENDING', '2023-09-25 13:35:09.263146+00');
INSERT INTO im_msg.subscription_status VALUES ('018acc8d-07cf-7d49-aa05-9c60a5a0aeb5', '018acc8d-07cc-7071-9ad5-93e73f56d797', 'ACTIVE', '2023-09-25 13:35:09.264698+00');
INSERT INTO im_msg.subscription_status VALUES ('018acc8d-07e4-7ce1-a552-92e92885ca0e', '018acc8d-07e2-7376-b3fb-e7919f8dfc8b', 'PENDING', '2023-09-25 13:35:09.285197+00');
INSERT INTO im_msg.subscription_status VALUES ('018acc8d-07e6-7d2e-8ce0-682e2de57dfb', '018acc8d-07e2-7376-b3fb-e7919f8dfc8b', 'ACTIVE', '2023-09-25 13:35:09.287108+00');
INSERT INTO im_msg.subscription_status VALUES ('018acc8d-07fd-7c50-96b4-ca555ef34bce', '018acc8d-07fa-79a7-8e57-d735d3e005d8', 'PENDING', '2023-09-25 13:35:09.310498+00');
INSERT INTO im_msg.subscription_status VALUES ('018acc8d-07ff-7a11-b487-980e75c5fccf', '018acc8d-07fa-79a7-8e57-d735d3e005d8', 'ACTIVE', '2023-09-25 13:35:09.312072+00');
INSERT INTO im_msg.subscription_status VALUES ('018acc8d-3e10-791f-a633-e26ef1f81f27', '018acc8d-3e09-78b3-80bc-da0611651f4c', 'PENDING', '2023-09-25 13:35:23.153087+00');
INSERT INTO im_msg.subscription_status VALUES ('018acc8d-3e12-76cd-9053-1ff608c71ab9', '018acc8d-3e09-78b3-80bc-da0611651f4c', 'ACTIVE', '2023-09-25 13:35:23.155484+00');
INSERT INTO im_msg.subscription_status VALUES ('018acc8d-3e2e-7287-9d2c-1b5f571d9c70', '018acc8d-3e2a-7051-918e-ae29abea068d', 'PENDING', '2023-09-25 13:35:23.182954+00');
INSERT INTO im_msg.subscription_status VALUES ('018acc8d-3e2f-7b6b-b435-fbd83f82f5af', '018acc8d-3e2a-7051-918e-ae29abea068d', 'ACTIVE', '2023-09-25 13:35:23.184301+00');
INSERT INTO im_msg.subscription_status VALUES ('018acc8d-3e44-7c7e-8459-e901f7d2890f', '018acc8d-3e41-7b37-baa5-0cffc593b6ba', 'PENDING', '2023-09-25 13:35:23.204779+00');
INSERT INTO im_msg.subscription_status VALUES ('018acc8d-3e45-745d-8c2a-d1c310d71432', '018acc8d-3e41-7b37-baa5-0cffc593b6ba', 'ACTIVE', '2023-09-25 13:35:23.206141+00');
INSERT INTO im_msg.subscription_status VALUES ('018acc8d-3e58-7185-a8a7-16dae06505ee', '018acc8d-3e56-79cc-940f-f9551bbb3890', 'PENDING', '2023-09-25 13:35:23.225281+00');
INSERT INTO im_msg.subscription_status VALUES ('018acc8d-3e5b-78f4-b0bd-d6decba4b7ed', '018acc8d-3e56-79cc-940f-f9551bbb3890', 'ACTIVE', '2023-09-25 13:35:23.228457+00');
INSERT INTO im_msg.subscription_status VALUES ('018acc8d-3e6d-79cc-9820-bd0d68c2d52a', '018acc8d-3e6c-7100-8b54-8945036ee434', 'PENDING', '2023-09-25 13:35:23.246396+00');
INSERT INTO im_msg.subscription_status VALUES ('018acc8d-3e6f-7869-8c7a-69dcce74ca48', '018acc8d-3e6c-7100-8b54-8945036ee434', 'ACTIVE', '2023-09-25 13:35:23.247506+00');
INSERT INTO im_msg.subscription_status VALUES ('018acc8d-3e8b-7d4e-9547-285869a66cd2', '018acc8d-3e89-7610-9f5e-267eff7ff781', 'PENDING', '2023-09-25 13:35:23.27557+00');
INSERT INTO im_msg.subscription_status VALUES ('018acc8d-3e8c-7041-a766-ea8d414b290c', '018acc8d-3e89-7610-9f5e-267eff7ff781', 'ACTIVE', '2023-09-25 13:35:23.276645+00');
INSERT INTO im_msg.subscription_status VALUES ('018acc8d-3e9c-7ce7-9a53-f379a073d339', '018acc8d-3e9a-7ac4-859f-216418b939fa', 'PENDING', '2023-09-25 13:35:23.292936+00');
INSERT INTO im_msg.subscription_status VALUES ('018acc8d-3e9d-70da-bc16-dbd805c5154e', '018acc8d-3e9a-7ac4-859f-216418b939fa', 'ACTIVE', '2023-09-25 13:35:23.29416+00');
INSERT INTO im_msg.subscription_status VALUES ('018acc8d-3eb0-7d45-b1d4-c29f8bdee1c5', '018acc8d-3eaf-70da-b925-3a57f132b27e', 'PENDING', '2023-09-25 13:35:23.313084+00');
INSERT INTO im_msg.subscription_status VALUES ('018acc8d-3eb1-7502-a91f-c17da007ce74', '018acc8d-3eaf-70da-b925-3a57f132b27e', 'ACTIVE', '2023-09-25 13:35:23.314216+00');
INSERT INTO im_msg.subscription_status VALUES ('018acc8d-3ec1-7cb8-916b-36e6fc53e3b0', '018acc8d-3ebf-7891-a441-3fc80cbe84c0', 'PENDING', '2023-09-25 13:35:23.330035+00');
INSERT INTO im_msg.subscription_status VALUES ('018acc8d-3ec2-77ae-a4e5-8e733e6463b8', '018acc8d-3ebf-7891-a441-3fc80cbe84c0', 'ACTIVE', '2023-09-25 13:35:23.331444+00');
INSERT INTO im_msg.subscription_status VALUES ('018acc8d-3ed3-724e-b730-74f80b20e78a', '018acc8d-3ed1-753b-aba4-fa9640e8888a', 'PENDING', '2023-09-25 13:35:23.347791+00');
INSERT INTO im_msg.subscription_status VALUES ('018acc8d-3ed4-7224-bc8b-b3865df6ca00', '018acc8d-3ed1-753b-aba4-fa9640e8888a', 'ACTIVE', '2023-09-25 13:35:23.348969+00');
INSERT INTO im_msg.subscription_status VALUES ('018acc8d-7e35-7aac-9146-5ddeadd5ee19', '018acc8d-7e2c-7bc6-8118-6063a3caee31', 'PENDING', '2023-09-25 13:35:39.574831+00');
INSERT INTO im_msg.subscription_status VALUES ('018acc8d-7e3a-7174-ad32-380a469046ce', '018acc8d-7e2c-7bc6-8118-6063a3caee31', 'ACTIVE', '2023-09-25 13:35:39.579032+00');
INSERT INTO im_msg.subscription_status VALUES ('018acc8d-7e60-7c49-835d-fdc165002942', '018acc8d-7e5e-75eb-9aec-782d9a863b72', 'PENDING', '2023-09-25 13:35:39.617088+00');
INSERT INTO im_msg.subscription_status VALUES ('018acc8d-7e62-77f3-8466-53ce18233449', '018acc8d-7e5e-75eb-9aec-782d9a863b72', 'ACTIVE', '2023-09-25 13:35:39.618557+00');
INSERT INTO im_msg.subscription_status VALUES ('018acc8d-7e79-7aae-81a0-e7bfbb400c11', '018acc8d-7e77-7d7e-a8f8-6069a8c87deb', 'PENDING', '2023-09-25 13:35:39.64234+00');
INSERT INTO im_msg.subscription_status VALUES ('018acc8d-7e7b-777d-a74f-b9d64f7053c3', '018acc8d-7e77-7d7e-a8f8-6069a8c87deb', 'ACTIVE', '2023-09-25 13:35:39.64391+00');
INSERT INTO im_msg.subscription_status VALUES ('018acc8d-7e8f-749a-9971-71613549b66b', '018acc8d-7e8d-7bf0-83a2-6f72669682af', 'PENDING', '2023-09-25 13:35:39.664474+00');
INSERT INTO im_msg.subscription_status VALUES ('018acc8d-7e91-76ca-a007-4c724be665f7', '018acc8d-7e8d-7bf0-83a2-6f72669682af', 'ACTIVE', '2023-09-25 13:35:39.666059+00');
INSERT INTO im_msg.subscription_status VALUES ('018acc8d-7ea9-7564-835b-f1563f1420e6', '018acc8d-7ea7-72d9-acfc-adc1d5db8802', 'PENDING', '2023-09-25 13:35:39.689632+00');
INSERT INTO im_msg.subscription_status VALUES ('018acc8d-7eaa-78b5-83fb-378976852b39', '018acc8d-7ea7-72d9-acfc-adc1d5db8802', 'ACTIVE', '2023-09-25 13:35:39.691129+00');
INSERT INTO im_msg.subscription_status VALUES ('018acc8d-7ebe-739d-b5fb-cb13286bc2f4', '018acc8d-7ebc-7415-ae52-be795f9fa45e', 'PENDING', '2023-09-25 13:35:39.710899+00');
INSERT INTO im_msg.subscription_status VALUES ('018acc8d-7ec0-7008-b017-7a665b9cf8e1', '018acc8d-7ebc-7415-ae52-be795f9fa45e', 'ACTIVE', '2023-09-25 13:35:39.712426+00');
INSERT INTO im_msg.subscription_status VALUES ('018acc8d-7ed1-7748-960e-8d49d227e08b', '018acc8d-7ed0-7584-af52-6be892a11c63', 'PENDING', '2023-09-25 13:35:39.730401+00');
INSERT INTO im_msg.subscription_status VALUES ('018acc8d-7ed3-7f28-8633-ca7348d895b7', '018acc8d-7ed0-7584-af52-6be892a11c63', 'ACTIVE', '2023-09-25 13:35:39.731856+00');
INSERT INTO im_msg.subscription_status VALUES ('018acc8d-7eea-78ad-b4e5-0c9e83cc091d', '018acc8d-7ee8-71e0-9bb6-4c71fd9921db', 'PENDING', '2023-09-25 13:35:39.754865+00');
INSERT INTO im_msg.subscription_status VALUES ('018acc8d-7eec-764e-b5a4-1405be352b17', '018acc8d-7ee8-71e0-9bb6-4c71fd9921db', 'ACTIVE', '2023-09-25 13:35:39.756348+00');
INSERT INTO im_msg.subscription_status VALUES ('018acc8d-7efe-7c23-be0c-d1a4084736f6', '018acc8d-7efc-732d-8bb9-e5f312dfa5e7', 'PENDING', '2023-09-25 13:35:39.774393+00');
INSERT INTO im_msg.subscription_status VALUES ('018acc8d-7eff-7c93-bdc1-4244805c848f', '018acc8d-7efc-732d-8bb9-e5f312dfa5e7', 'ACTIVE', '2023-09-25 13:35:39.775845+00');
INSERT INTO im_msg.subscription_status VALUES ('018acc8d-7f12-7155-8e0c-605422ce1b89', '018acc8d-7f0f-7787-80ec-482c47d4fff8', 'PENDING', '2023-09-25 13:35:39.794564+00');
INSERT INTO im_msg.subscription_status VALUES ('018acc8d-7f13-785c-b886-cf01be2e81b3', '018acc8d-7f0f-7787-80ec-482c47d4fff8', 'ACTIVE', '2023-09-25 13:35:39.796015+00');
INSERT INTO im_msg.subscription_status VALUES ('018ab7b5-5ff1-7ec0-9c48-b1198c28a533', '018acc4a-5232-7bc3-960f-877d71fdcc16', 'ACTIVE', '2023-09-25 13:35:39.796016+00');


--
-- PostgreSQL database dump complete
--

